"{""ObjectName"":""ApplicationTab"",""Version"":""1.0"",""TimeZone"":""GMT"",""Pattern"":""""}"
id,name,appId,sequenceNo,tabId,createdBy,createdDate,lastModifiedBy,lastModifiedDate,systemModifiedDate,deletedDate,isDeleted,owner,installedPackage,custom,protectMode,visibility,belongTo
string,string,string,numeric,string,string,date,string,date,date,date,bool,string,string,bool,numeric,numeric,string
000g0000015234yxz7wG,NULL,000f0000015234yx8KY4,0,001g0000000000000000,10gd00000150QfGpNugy,2023-07-19 00:52:05,10gd00000150QfGpNugy,2023-07-19 00:52:05,NULL,NULL,false,10gd00000150QfGpNugy,NULL,true,0,0,NULL
000g0000015C7hvnL6gq,NULL,000f0000015234yx8KY4,0,001g0000015C7hvmCiAa,10gd00000150QfGpNugy,2023-07-25 02:32:55,10gd00000150QfGpNugy,2023-07-25 02:32:55,NULL,NULL,false,10gd00000150QfGpNugy,NULL,true,0,0,NULL
000g0000015C7i3u2i36,NULL,000f0000015234yx8KY4,0,001g0000015C7i3suJWq,10gd00000150QfGpNugy,2023-07-25 02:32:57,10gd00000150QfGpNugy,2023-07-25 02:32:57,NULL,NULL,false,10gd00000150QfGpNugy,NULL,true,0,0,NULL
000g0000015C7iEnc1ce,NULL,000f0000015234yx8KY4,0,001g0000015C7iEmTd6O,10gd00000150QfGpNugy,2023-07-25 02:32:59,10gd00000150QfGpNugy,2023-07-25 02:32:59,NULL,NULL,false,10gd00000150QfGpNugy,NULL,true,0,0,NULL
000g0000015C7iGbANk0,NULL,000f0000015234yx8KY4,0,001g0000015C7iGa1zDk,10gd00000150QfGpNugy,2023-07-25 02:32:59,10gd00000150QfGpNugy,2023-07-25 02:32:59,NULL,NULL,false,10gd00000150QfGpNugy,NULL,true,0,0,NULL
000g0000015C7iHQXmHg,NULL,000f0000015234yx8KY4,0,001g0000015C7iHP7mdM,10gd00000150QfGpNugy,2023-07-25 02:32:59,10gd00000150QfGpNugy,2023-07-25 02:32:59,NULL,NULL,false,10gd00000150QfGpNugy,NULL,true,0,0,NULL
000g0000015C7iI6GoPA,NULL,000f0000015234yx8KY4,0,001g0000015C7iI4qokq,10gd00000150QfGpNugy,2023-07-25 02:33:00,10gd00000150QfGpNugy,2023-07-25 02:33:00,NULL,NULL,false,10gd00000150QfGpNugy,NULL,true,0,0,NULL
000g0000015C7iJXgSNU,NULL,000f0000015234yx8KY4,0,001g0000015C7iJWGSjA,10gd00000150QfGpNugy,2023-07-25 02:33:00,10gd00000150QfGpNugy,2023-07-25 02:33:00,NULL,NULL,false,10gd00000150QfGpNugy,NULL,true,0,0,NULL
000g0000015C7iKOCFRQ,NULL,000f0000015234yx8KY4,0,001g0000015C7iKMmFn6,10gd00000150QfGpNugy,2023-07-25 02:33:00,10gd00000150QfGpNugy,2023-07-25 02:33:00,NULL,NULL,false,10gd00000150QfGpNugy,NULL,true,0,0,NULL
000g0000015C7iLkV74a,NULL,000f0000015234yx8KY4,0,001g0000015C7iLgoKNk,10gd00000150QfGpNugy,2023-07-25 02:33:00,10gd00000150QfGpNugy,2023-07-25 02:33:00,NULL,NULL,false,10gd00000150QfGpNugy,NULL,true,0,0,NULL
000g0000015C7iNulNb7,NULL,000f0000015234yx8KY4,0,001g0000015C7iMOo9Xk,10gd00000150QfGpNugy,2023-07-25 02:33:01,10gd00000150QfGpNugy,2023-07-25 02:33:01,NULL,NULL,false,10gd00000150QfGpNugy,NULL,true,0,0,NULL
000g0000015C7iO7ova4,NULL,000f0000015234yx8KY4,0,001g0000015C7iNSwgqm,10gd00000150QfGpNugy,2023-07-25 02:33:01,10gd00000150QfGpNugy,2023-07-25 02:33:01,NULL,NULL,false,10gd00000150QfGpNugy,NULL,true,0,0,NULL
000g0000015C7iNzaYoC,NULL,000f0000015234yx8KY4,0,001g0000015C7iNulNb6,10gd00000150QfGpNugy,2023-07-25 02:33:01,10gd00000150QfGpNugy,2023-07-25 02:33:01,NULL,NULL,false,10gd00000150QfGpNugy,NULL,true,0,0,NULL
000g0000015C7jYtwbDc,NULL,000f0000015234yx8KY4,0,001g0000015C7jYsWbZI,10gd00000150QfGpNugy,2023-07-25 02:33:17,10gd00000150QfGpNugy,2023-07-25 02:33:17,NULL,NULL,false,10gd00000150QfGpNugy,NULL,true,0,0,NULL
000g0000015C7jbl4INt,NULL,000f0000015234yx8KY4,0,001g0000015C7ja2L7Tc,10gd00000150QfGpNugy,2023-07-25 02:33:17,10gd00000150QfGpNugy,2023-07-25 02:33:17,NULL,NULL,false,10gd00000150QfGpNugy,NULL,true,0,0,NULL
000g0000015C7jbl4INs,NULL,000f0000015234yx8KY4,0,001g0000015C7javyUyG,10gd00000150QfGpNugy,2023-07-25 02:33:17,10gd00000150QfGpNugy,2023-07-25 02:33:17,NULL,NULL,false,10gd00000150QfGpNugy,NULL,true,0,0,NULL
000g0000015C7m9vKX0i,NULL,000f0000015234yx8KY4,0,001g0000015C7m9uC8US,10gd00000150QfGpNugy,2023-07-25 02:33:52,10gd00000150QfGpNugy,2023-07-25 02:33:52,NULL,NULL,false,10gd00000150QfGpNugy,NULL,true,0,0,NULL
000g0000015C7mAOqoXQ,NULL,000f0000015234yx8KY4,0,001g0000015C7mAN9Dl2,10gd00000150QfGpNugy,2023-07-25 02:33:52,10gd00000150QfGpNugy,2023-07-25 02:33:52,NULL,NULL,false,10gd00000150QfGpNugy,NULL,true,0,0,NULL
000g0000015C7mC1u0qO,NULL,000f0000015234yx8KY4,0,001g0000015C7mBmI4gq,10gd00000150QfGpNugy,2023-07-25 02:33:52,10gd00000150QfGpNugy,2023-07-25 02:33:52,NULL,NULL,false,10gd00000150QfGpNugy,NULL,true,0,0,NULL
000g0000015C7mBwnEVE,NULL,000f0000015234yx8KY4,0,001g0000015C7mBuo2am,10gd00000150QfGpNugy,2023-07-25 02:33:52,10gd00000150QfGpNugy,2023-07-25 02:33:52,NULL,NULL,false,10gd00000150QfGpNugy,NULL,true,0,0,NULL
000g0000015C7mEJpRsf,NULL,000f0000015234yx8KY4,0,001g0000015C7mC7IOJd,10gd00000150QfGpNugy,2023-07-25 02:33:53,10gd00000150QfGpNugy,2023-07-25 02:33:53,NULL,NULL,false,10gd00000150QfGpNugy,NULL,true,0,0,NULL
000g0000015C7mEJpRsg,NULL,000f0000015234yx8KY4,0,001g0000015C7mCQJW1w,10gd00000150QfGpNugy,2023-07-25 02:33:53,10gd00000150QfGpNugy,2023-07-25 02:33:53,NULL,NULL,false,10gd00000150QfGpNugy,NULL,true,0,0,NULL
000g0000015C7mEJpRse,NULL,000f0000015234yx8KY4,0,001g0000015C7mD7k8vo,10gd00000150QfGpNugy,2023-07-25 02:33:53,10gd00000150QfGpNugy,2023-07-25 02:33:53,NULL,NULL,false,10gd00000150QfGpNugy,NULL,true,0,0,NULL
000g0000015C7mFTvYv2,NULL,000f0000015234yx8KY4,0,001g0000015C7mFSDy8e,10gd00000150QfGpNugy,2023-07-25 02:33:53,10gd00000150QfGpNugy,2023-07-25 02:33:53,NULL,NULL,false,10gd00000150QfGpNugy,NULL,true,0,0,NULL
000g0000015C7mFUmMJE,NULL,000f0000015234yx8KY4,0,001g0000015C7mFTMMeu,10gd00000150QfGpNugy,2023-07-25 02:33:53,10gd00000150QfGpNugy,2023-07-25 02:33:53,NULL,NULL,false,10gd00000150QfGpNugy,NULL,true,0,0,NULL
000g0000015C7mFXtwjx,NULL,000f0000015234yx8KY4,0,001g0000015C7mFWlYDg,10gd00000150QfGpNugy,2023-07-25 02:33:53,10gd00000150QfGpNugy,2023-07-25 02:33:53,NULL,NULL,false,10gd00000150QfGpNugy,NULL,true,0,0,NULL
000g0000015C7mFeQijQ,NULL,000f0000015234yx8KY4,0,001g0000015C7mFcj7x2,10gd00000150QfGpNugy,2023-07-25 02:33:53,10gd00000150QfGpNugy,2023-07-25 02:33:53,NULL,NULL,false,10gd00000150QfGpNugy,NULL,true,0,0,NULL
000g0000015C7mFhYJA8,NULL,000f0000015234yx8KY4,0,001g0000015C7mFfqiNk,10gd00000150QfGpNugy,2023-07-25 02:33:53,10gd00000150QfGpNugy,2023-07-25 02:33:53,NULL,NULL,false,10gd00000150QfGpNugy,NULL,true,0,0,NULL
000g0000015C7mGfRfbk,NULL,000f0000015234yx8KY4,0,001g0000015C7mGdSThI,10gd00000150QfGpNugy,2023-07-25 02:33:53,10gd00000150QfGpNugy,2023-07-25 02:33:53,NULL,NULL,false,10gd00000150QfGpNugy,NULL,true,0,0,NULL
000g0000015C7mHJT6wq,NULL,000f0000015234yx8KY4,0,001g0000015C7mHHTv2O,10gd00000150QfGpNugy,2023-07-25 02:33:54,10gd00000150QfGpNugy,2023-07-25 02:33:54,NULL,NULL,false,10gd00000150QfGpNugy,NULL,true,0,0,NULL
000g0000015C7mHoPO7s,NULL,000f0000015234yx8KY4,0,001g0000015C7mHmhnLU,10gd00000150QfGpNugy,2023-07-25 02:33:54,10gd00000150QfGpNugy,2023-07-25 02:33:54,NULL,NULL,false,10gd00000150QfGpNugy,NULL,true,0,0,NULL
000g0000015C7mIGE4sC,NULL,000f0000015234yx8KY4,0,001g0000015C7mIEWU5o,10gd00000150QfGpNugy,2023-07-25 02:33:54,10gd00000150QfGpNugy,2023-07-25 02:33:54,NULL,NULL,false,10gd00000150QfGpNugy,NULL,true,0,0,NULL
000g0000015C7mItgJxA,NULL,000f0000015234yx8KY4,0,001g0000015C7mIawnMu,10gd00000150QfGpNugy,2023-07-25 02:33:54,10gd00000150QfGpNugy,2023-07-25 02:33:54,NULL,NULL,false,10gd00000150QfGpNugy,NULL,true,0,0,NULL
000g0000015C7urV5CsK,NULL,000f0000015234yx8KY4,0,001g0000015C7urTwoM4,10gd00000150QfGpNugy,2023-07-25 02:35:50,10gd00000150QfGpNugy,2023-07-25 02:35:50,NULL,NULL,false,10gd00000150QfGpNugy,NULL,true,0,0,NULL
000g0000015C81kK6rJ2,NULL,000f0000015234yx8KY4,0,001g0000015C81kIySmm,10gd00000150QfGpNugy,2023-07-25 02:37:23,10gd00000150QfGpNugy,2023-07-25 02:37:23,NULL,NULL,false,10gd00000150QfGpNugy,NULL,true,0,0,NULL
000g0000015C8778Dfgu,NULL,000f0000015234yx8KY4,0,001g0000015C87775HAe,10gd00000150QfGpNugy,2023-07-25 02:38:36,10gd00000150QfGpNugy,2023-07-25 02:38:36,NULL,NULL,false,10gd00000150QfGpNugy,NULL,true,0,0,NULL
000g0000015C8BBnUE9Q,NULL,000f0000015234yx8KY4,0,001g0000015C8BBmLpdA,10gd00000150QfGpNugy,2023-07-25 02:39:31,10gd00000150QfGpNugy,2023-07-25 02:39:31,NULL,NULL,false,10gd00000150QfGpNugy,NULL,true,0,0,NULL
000g0000015C8BkQph9U,NULL,000f0000015234yx8KY4,0,001g0000015C8BkPhIdE,10gd00000150QfGpNugy,2023-07-25 02:39:39,10gd00000150QfGpNugy,2023-07-25 02:39:39,NULL,NULL,false,10gd00000150QfGpNugy,NULL,true,0,0,NULL
000g0000015C8EtJsU5o,NULL,000f0000015234yx8KY4,0,001g0000015C8EtIk5ZY,10gd00000150QfGpNugy,2023-07-25 02:40:21,10gd00000150QfGpNugy,2023-07-25 02:40:21,NULL,NULL,false,10gd00000150QfGpNugy,NULL,true,0,0,NULL
000g0000015C8F3RBzYO,NULL,000f0000015234yx8KY4,0,001g0000015C8F3Q3b28,10gd00000150QfGpNugy,2023-07-25 02:40:23,10gd00000150QfGpNugy,2023-07-25 02:40:23,NULL,NULL,false,10gd00000150QfGpNugy,NULL,true,0,0,NULL
000g0000015C8F7ym4aO,NULL,000f0000015234yx8KY4,0,001g0000015C8F7xdg48,10gd00000150QfGpNugy,2023-07-25 02:40:24,10gd00000150QfGpNugy,2023-07-25 02:40:24,NULL,NULL,false,10gd00000150QfGpNugy,NULL,true,0,0,NULL
000g0000015C8F9AIBH6,NULL,000f0000015234yx8KY4,0,001g0000015C8F999mkq,10gd00000150QfGpNugy,2023-07-25 02:40:25,10gd00000150QfGpNugy,2023-07-25 02:40:25,NULL,NULL,false,10gd00000150QfGpNugy,NULL,true,0,0,NULL
000g0000015C8F9Lvjbk,NULL,000f0000015234yx8KY4,0,001g0000015C8F9KnL5U,10gd00000150QfGpNugy,2023-07-25 02:40:25,10gd00000150QfGpNugy,2023-07-25 02:40:25,NULL,NULL,false,10gd00000150QfGpNugy,NULL,true,0,0,NULL
000g0000015C8IkqCg76,NULL,000f0000015234yx8KY4,0,001g0000015C8Ikp4Haq,10gd00000150QfGpNugy,2023-07-25 02:41:13,10gd00000150QfGpNugy,2023-07-25 02:41:13,NULL,NULL,false,10gd00000150QfGpNugy,NULL,true,0,0,NULL
000g0000015C8Isejx9E,NULL,000f0000015234yx8KY4,0,001g0000015C8IsdbYcy,10gd00000150QfGpNugy,2023-07-25 02:41:15,10gd00000150QfGpNugy,2023-07-25 02:41:15,NULL,NULL,false,10gd00000150QfGpNugy,NULL,true,0,0,NULL
000g0000015C8IvdoPxI,NULL,000f0000015234yx8KY4,0,001g0000015C8Ivcg1R2,10gd00000150QfGpNugy,2023-07-25 02:41:16,10gd00000150QfGpNugy,2023-07-25 02:41:16,NULL,NULL,false,10gd00000150QfGpNugy,NULL,true,0,0,NULL
000g0000015C8MF0b1dI,NULL,000f0000015234yx8KY4,0,001g0000015C8MEzB1yy,10gd00000150QfGpNugy,2023-07-25 02:42:01,10gd00000150QfGpNugy,2023-07-25 02:42:01,NULL,NULL,false,10gd00000150QfGpNugy,NULL,true,0,0,NULL
000g0000015C8MIRUBBg,NULL,000f0000015234yx8KY4,0,001g0000015C8MIQLmfQ,10gd00000150QfGpNugy,2023-07-25 02:42:01,10gd00000150QfGpNugy,2023-07-25 02:42:01,NULL,NULL,false,10gd00000150QfGpNugy,NULL,true,0,0,NULL
000g0000015C8MLHBshc,NULL,000f0000015234yx8KY4,0,001g0000015C8MLG3UBM,10gd00000150QfGpNugy,2023-07-25 02:42:02,10gd00000150QfGpNugy,2023-07-25 02:42:02,NULL,NULL,false,10gd00000150QfGpNugy,NULL,true,0,0,NULL
000g0000015C8MPUcRV2,NULL,000f0000015234yx8KY4,0,001g0000015C8MPTU2ym,10gd00000150QfGpNugy,2023-07-25 02:42:03,10gd00000150QfGpNugy,2023-07-25 02:42:03,NULL,NULL,false,10gd00000150QfGpNugy,NULL,true,0,0,NULL
000g0000015C8MSb4Tgm,NULL,000f0000015234yx8KY4,0,001g0000015C8MSZw5AW,10gd00000150QfGpNugy,2023-07-25 02:42:04,10gd00000150QfGpNugy,2023-07-25 02:42:04,NULL,NULL,false,10gd00000150QfGpNugy,NULL,true,0,0,NULL
000g0000015C8MZ7qTAm,NULL,000f0000015234yx8KY4,0,001g0000015C8MZ6i4eW,10gd00000150QfGpNugy,2023-07-25 02:42:05,10gd00000150QfGpNugy,2023-07-25 02:42:05,NULL,NULL,false,10gd00000150QfGpNugy,NULL,true,0,0,NULL
000g0000015C8McGHhGy,NULL,000f0000015234yx8KY4,0,001g0000015C8McF9Iki,10gd00000150QfGpNugy,2023-07-25 02:42:06,10gd00000150QfGpNugy,2023-07-25 02:42:06,NULL,NULL,false,10gd00000150QfGpNugy,NULL,true,0,0,NULL
000g0000015C8Me7Wq5A,NULL,000f0000015234yx8KY4,0,001g0000015C8Me6ORYu,10gd00000150QfGpNugy,2023-07-25 02:42:06,10gd00000150QfGpNugy,2023-07-25 02:42:06,NULL,NULL,false,10gd00000150QfGpNugy,NULL,true,0,0,NULL
000g0000015C8Q0XvUeG,NULL,000f0000015234yx8KY4,0,001g0000015C8Q0Wn680,10gd00000150QfGpNugy,2023-07-25 02:42:52,10gd00000150QfGpNugy,2023-07-25 02:42:52,NULL,NULL,false,10gd00000150QfGpNugy,NULL,true,0,0,NULL
000g0000015C8Q5L7Vpo,NULL,000f0000015234yx8KY4,0,001g0000015C8Q5Jz7JY,10gd00000150QfGpNugy,2023-07-25 02:42:53,10gd00000150QfGpNugy,2023-07-25 02:42:53,NULL,NULL,false,10gd00000150QfGpNugy,NULL,true,0,0,NULL
000g0000015C8Q7HTQzA,NULL,000f0000015234yx8KY4,0,001g0000015C8Q7GL2Su,10gd00000150QfGpNugy,2023-07-25 02:42:53,10gd00000150QfGpNugy,2023-07-25 02:42:53,NULL,NULL,false,10gd00000150QfGpNugy,NULL,true,0,0,NULL
000g0000015C8QASkeO0,NULL,000f0000015234yx8KY4,0,001g0000015C8QARcFrk,10gd00000150QfGpNugy,2023-07-25 02:42:54,10gd00000150QfGpNugy,2023-07-25 02:42:54,NULL,NULL,false,10gd00000150QfGpNugy,NULL,true,0,0,NULL
000g0000015C8QFsGW8G,NULL,000f0000015234yx8KY4,0,001g0000015C8QFr87c0,10gd00000150QfGpNugy,2023-07-25 02:42:55,10gd00000150QfGpNugy,2023-07-25 02:42:55,NULL,NULL,false,10gd00000150QfGpNugy,NULL,true,0,0,NULL
000g0000015C8QHvQoPA,NULL,000f0000015234yx8KY4,0,001g0000015C8QHu0okq,10gd00000150QfGpNugy,2023-07-25 02:42:55,10gd00000150QfGpNugy,2023-07-25 02:42:55,NULL,NULL,false,10gd00000150QfGpNugy,NULL,true,0,0,NULL
000g0000015C8QK4H5HM,NULL,000f0000015234yx8KY4,0,001g0000015C8QK38gl6,10gd00000150QfGpNugy,2023-07-25 02:42:56,10gd00000150QfGpNugy,2023-07-25 02:42:56,NULL,NULL,false,10gd00000150QfGpNugy,NULL,true,0,0,NULL
000g0000015C8QLfcgnw,NULL,000f0000015234yx8KY4,0,001g0000015C8QLeUIHg,10gd00000150QfGpNugy,2023-07-25 02:42:56,10gd00000150QfGpNugy,2023-07-25 02:42:56,NULL,NULL,false,10gd00000150QfGpNugy,NULL,true,0,0,NULL
000g0000015C8QMthBfE,NULL,000f0000015234yx8KY4,0,001g0000015C8QMsqOH2,10gd00000150QfGpNugy,2023-07-25 02:42:57,10gd00000150QfGpNugy,2023-07-25 02:42:57,NULL,NULL,false,10gd00000150QfGpNugy,NULL,true,0,0,NULL
000g0000015C8QNp29wG,NULL,000f0000015234yx8KY4,0,001g0000015C8QNntlQ0,10gd00000150QfGpNugy,2023-07-25 02:42:57,10gd00000150QfGpNugy,2023-07-25 02:42:57,NULL,NULL,false,10gd00000150QfGpNugy,NULL,true,0,0,NULL
000g0000015C8QOlVWjY,NULL,000f0000015234yx8KY4,0,001g0000015C8QOkN8DI,10gd00000150QfGpNugy,2023-07-25 02:42:57,10gd00000150QfGpNugy,2023-07-25 02:42:57,NULL,NULL,false,10gd00000150QfGpNugy,NULL,true,0,0,NULL
000g0000015C8QQ5G0C8,NULL,000f0000015234yx8KY4,0,001g0000015C8QQ47bfs,10gd00000150QfGpNugy,2023-07-25 02:42:57,10gd00000150QfGpNugy,2023-07-25 02:42:57,NULL,NULL,false,10gd00000150QfGpNugy,NULL,true,0,0,NULL
000g0000015C8QR7PLai,NULL,000f0000015234yx8KY4,0,001g0000015C8QR6Gx4S,10gd00000150QfGpNugy,2023-07-25 02:42:57,10gd00000150QfGpNugy,2023-07-25 02:42:57,NULL,NULL,false,10gd00000150QfGpNugy,NULL,true,0,0,NULL
000g0000015C8QRxdXWa,NULL,000f0000015234yx8KY4,0,001g0000015C8QRwV90K,10gd00000150QfGpNugy,2023-07-25 02:42:58,10gd00000150QfGpNugy,2023-07-25 02:42:58,NULL,NULL,false,10gd00000150QfGpNugy,NULL,true,0,0,NULL
000g0000015C8QS5ruIS,NULL,000f0000015234yx8KY4,0,001g0000015C8QS516uG,10gd00000150QfGpNugy,2023-07-25 02:42:58,10gd00000150QfGpNugy,2023-07-25 02:42:58,NULL,NULL,false,10gd00000150QfGpNugy,NULL,true,0,0,NULL
000g0000015C8QSzVHn6,NULL,000f0000015234yx8KY4,0,001g0000015C8QSyMtGq,10gd00000150QfGpNugy,2023-07-25 02:42:58,10gd00000150QfGpNugy,2023-07-25 02:42:58,NULL,NULL,false,10gd00000150QfGpNugy,NULL,true,0,0,NULL
000g0000015C8QTewimW,NULL,000f0000015234yx8KY4,0,001g0000015C8QTdoKGG,10gd00000150QfGpNugy,2023-07-25 02:42:58,10gd00000150QfGpNugy,2023-07-25 02:42:58,NULL,NULL,false,10gd00000150QfGpNugy,NULL,true,0,0,NULL
000g0000015Dp2IYoaLA,NULL,000f0000015234yx8KY4,0,001g0000015Dp2IXgBou,10gd00000150QfGpNugy,2023-07-26 03:06:51,10gd00000150QfGpNugy,2023-07-26 03:06:51,NULL,NULL,false,10gd00000150QfGpNugy,NULL,true,0,0,NULL
