{"siteId":"60574","revisionId":"1432947","catalogName":"NPNM__equipment_fix_management_000000000150QfFvxujY","siteBasePath":"","catalogPages":[],"catalogFacets":{"combinedCustomGlobalResources":"false","enablePreviewMode":"false","restrictOtherDomainAccess":"false","enableSemanticUrl":"false","waitForPageDOMReady":"true","allowedProtocol":"both","combinedCustomResources":"false","enableSiteTemplate":"false","supportClientInclude":"false","body_suffix":"","enableRequireJS":"true","default_description":"","combinedResourceDomain":"","default_title":"","supportCORSCHTML":"true","skipQPInFtlCache":"false","body_prefix":"","enableDefaultLoading":"false","readerType":"v2","supportServerPluginAPIInclude":"false","supportServerInclude":"true","writeCSSToDOM":"false","combinedAllJS":"false","X-FRAME-OPTIONS":"None","ab_settings":"false","includeHTML5DOCTYPE":"false","loadResourcesInStudio":"true","combinedStudioResources":"false","disableDefaultViewport":"false","header_prefix":"","delayResourceLoad":"false","enableRequireForEventAPI":"false","enableSemanticUrlWithHP":"false","default_keywords":"","header_suffix":""},"catalogProperties":{},"views":[{"viewId":"1","viewName":"web","height":1080,"width":1920,"footerHeight":0,"headerHeight":0,"footerVisible":false,"headerVisible":false,"weight":0,"deviceType":3,"columns":12,"defaultView":true,"disabled":false,"resources":[],"config":{},"dynamicPages":[],"libraryConfig":{},"viewCookie":{}},{"viewId":"2","viewName":"mobile","height":736,"width":414,"footerHeight":0,"headerHeight":0,"footerVisible":false,"headerVisible":false,"weight":0,"deviceType":1,"columns":4,"defaultView":false,"disabled":false,"resources":[],"config":{},"dynamicPages":[],"libraryConfig":{},"viewCookie":{}}],"global":{"catalogName":"NPNM__equipment_fix_management","macros":[],"dcmacros":[],"streamDomains":{"DEV":{"domainName":"${partner_cdn_domain}"},"STG":{"domainName":"${partner_cdn_domain}"},"PREPROD":{"domainName":"${partner_cdn_domain}"},"PROD":{"domainName":"${partner_cdn_domain}"}},"publishProxyDomains":{"DEV":{"domainName":"","ipAddress":""},"STG":{"domainName":"","ipAddress":""},"PREPROD":{"domainName":"","ipAddress":""},"PROD":{"domainName":"","ipAddress":""}},"analyticsProperties":{"baiduAnalytics":{"DEV":{"analyticsId":""},"STG":{"analyticsId":""},"PREPROD":{"analyticsId":""},"PROD":{"analyticsId":""}},"googleAnalytics":{"DEV":{"analyticsId":"","pageTracking":false,"eventTracking":false},"STG":{"analyticsId":"","pageTracking":false,"eventTracking":false},"PREPROD":{"analyticsId":"","pageTracking":false,"eventTracking":false},"PROD":{"analyticsId":"","pageTracking":false,"eventTracking":false}}}},"pages":[{"index":2,"pageId":"1898c40af0c-38c19221-89db-4c36-ab5e-53cb917082c7","pageName":"monitor","dimensions":{"1":{"width":1920,"height":1080,"headerVisible":true,"footerVisible":true}},"views":{"1":{"cells":{"skPageLayoutCell_1898c40af0c-38c19221-89db-4c36-ab5e-53cb917082c7_id-1":{"cellId":"skPageLayoutCell_1898c40af0c-38c19221-89db-4c36-ab5e-53cb917082c7_id-1","widget":{"pageId":"1898c40af0c-38c19221-89db-4c36-ab5e-53cb917082c7","widgetId":"5","widgetName":"widget2","widgetType":"${tenant_identifier}_MapWidget","currentItemIdx":0,"properties":{"lockByGroup":"false","accessControl":"{}","cacheControl":"","ScatterDataConnector":"","AlarmDataConnector":"","OverlaysDataConnector":"","MapConfigDataConnector":"","hideDimension":"false","hideToolbar":"false","parallaxBackground":"false","parallaxBgUrlMoveRatio":"1","absoluteLayout":"false","layoutHeight":"25","layoutWidth":"1920","layoutLeft":"0","layoutParentLeft":"","layoutTop":"0","layoutParentTop":"","zIndex":"999","hasAreaSpecificEvents":"false","widgetLabel":""},"events":{},"eventsArray":[],"sortOrder":2,"items":[],"widgetVersion":"v2","libWidget":false,"absWidget":false}},"skPageLayoutCell_1898c40af0c-38c19221-89db-4c36-ab5e-53cb917082c7_id-2":{"cellId":"skPageLayoutCell_1898c40af0c-38c19221-89db-4c36-ab5e-53cb917082c7_id-2","widget":{"pageId":"1898c40af0c-38c19221-89db-4c36-ab5e-53cb917082c7","widgetId":"6","widgetName":"widget3","widgetType":"${tenant_identifier}_CaseMapControllerWidget","currentItemIdx":0,"properties":{"lockByGroup":"false","accessControl":"{}","cacheControl":"","profileName":"FS_FME","flowPrefix":"NPNM__","FlowConnector":"common.global_connector_FlowConnector"},"connectorProperties":{"FlowConnector":{"connectorParams":{"requestMethod":"post","endpoint":"flow","prefix":"","isShare":""},"connectorType":"v2","connector":"common.global_connector_FlowConnector","connectorPeriod":0,"displayName":"FlowConnector","connectorModel":"ViewModel","model":null,"connectorWidgetId":"6","connectorDataType":"connector","connectorStaticData":null,"connectorStaticDataBackup":{}}},"events":{"addMarkersToMap":{"type":"widget3.addMarkersToMap","name":"addMarkersToMap","scope":"1","action":0,"actions":[{"label":"在地图上添加或清除覆盖物","action":"widget2.addMarkerElements","overlayItem":{"properties":{},"facets":{},"events":{},"eventsArray":[],"sortOrder":2,"css":{}},"overlayWidget":{"position":{"left":0,"top":0},"dimension":{"width":0,"height":0}},"params":[null,null,null,null,null,null,"false"],"urlParams":{},"timestamp":"0","actionName":"widget2_addMarkerElements","customActionParams":{},"lingerEffect":"1"}],"cancelOnUnHover":false,"overlayItem":{"properties":{},"facets":{},"events":{},"eventsArray":[],"sortOrder":2,"css":{}},"overlayWidget":{"position":{"left":0,"top":0},"dimension":{"width":0,"height":0}},"points":[]},"centerAndZoom":{"type":"widget3.centerAndZoom","name":"centerAndZoom","scope":"1","action":0,"actions":[{"label":"修改地图配置数据","action":"widget2.modifyMapConfig","overlayItem":{"properties":{},"facets":{},"events":{},"eventsArray":[],"sortOrder":2,"css":{}},"overlayWidget":{"position":{"left":0,"top":0},"dimension":{"width":0,"height":0}},"params":[null,null,null,null,null,null,"false"],"urlParams":{},"timestamp":"0","actionName":"widget2_modifyMapConfig","customActionParams":{},"lingerEffect":"1"}],"cancelOnUnHover":false,"overlayItem":{"properties":{},"facets":{},"events":{},"eventsArray":[],"sortOrder":2,"css":{}},"overlayWidget":{"position":{"left":0,"top":0},"dimension":{"width":0,"height":0}},"points":[]}},"eventsArray":["addMarkersToMap","centerAndZoom"],"sortOrder":0,"items":[],"widgetVersion":"v2","libWidget":false,"absWidget":false}}},"gridLayout":{"properties":{"columns":12,"gutterSize":0,"margin":0,"padding":0},"cells":[{"index":0,"cellId":"skPageLayoutCell_1898c40af0c-38c19221-89db-4c36-ab5e-53cb917082c7_id-1","cellNumber":1,"properties":{"columns":12,"hidden":false}},{"index":1,"cellId":"skPageLayoutCell_1898c40af0c-38c19221-89db-4c36-ab5e-53cb917082c7_id-2","cellNumber":2,"properties":{"columns":12,"hidden":false}}]},"absoluteWidgets":[],"properties":{"page_background_html":"","page_background_color":"","page_background":"false","page_background_image":"false","page_background_image_url":"","pageBgHtml":"","page_background_image_repeat_options":"","page_parallax":"false"},"resources":[],"metaTags":{}}},"anchorGroups":[],"properties":{},"facets":{"page_title":"monitor","page_keywords":"","page_description":"","page_folder":"003f000001523iAYgzrc","page_uri":"monitor","transition":"","cache_control_max_age":"","expires":"","expiresFormatted":"","page_content":""},"resources":["0","1","4","2","5","6","7","8","9"],"pageLevelMacro":{},"layoutType":"2","pageLocked":false},{"index":2,"pageId":"189927353ff-1dda45b5-79c3-4ff6-a0bd-e8ed9b75ab13","pageName":"login","dimensions":{"1":{"width":1920,"height":1080,"headerVisible":true,"footerVisible":true}},"views":{"1":{"cells":{"skPageLayoutCell_189927353ff-1dda45b5-79c3-4ff6-a0bd-e8ed9b75ab13_id-north":{"cellId":"skPageLayoutCell_189927353ff-1dda45b5-79c3-4ff6-a0bd-e8ed9b75ab13_id-north"},"skPageLayoutCell_189927353ff-1dda45b5-79c3-4ff6-a0bd-e8ed9b75ab13_id-south":{"cellId":"skPageLayoutCell_189927353ff-1dda45b5-79c3-4ff6-a0bd-e8ed9b75ab13_id-south"},"skPageLayoutCell_189927353ff-1dda45b5-79c3-4ff6-a0bd-e8ed9b75ab13_id-center":{"cellId":"skPageLayoutCell_189927353ff-1dda45b5-79c3-4ff6-a0bd-e8ed9b75ab13_id-center"}},"layout":{"layoutId":"22","showLayout":true,"layoutConfig":{"north":{"cellId":"skPageLayoutCell_189927353ff-1dda45b5-79c3-4ff6-a0bd-e8ed9b75ab13_id-north","size":100,"width":0,"height":0,"width_percent":0.0,"height_percent":0.0,"closable":false,"spacing_open":0,"resizable":false},"south":{"cellId":"skPageLayoutCell_189927353ff-1dda45b5-79c3-4ff6-a0bd-e8ed9b75ab13_id-south","size":200,"width":0,"height":0,"width_percent":0.0,"height_percent":0.0,"closable":false,"spacing_open":0,"resizable":false},"center":{"cellId":"skPageLayoutCell_189927353ff-1dda45b5-79c3-4ff6-a0bd-e8ed9b75ab13_id-center","size":500,"width":0,"height":0,"width_percent":0.0,"height_percent":0.0,"closable":false,"spacing_open":0,"resizable":false}},"layoutPageType":["1","2","3","4"]},"absoluteWidgets":[{"widgetId":"7","isHidden":false,"isLocked":false,"widgetName":"widget4","width":1920,"height":1080,"left":0,"top":0,"orgCenterLeftVal":"50%","orgCenterTopVal":"50%","width_percent":0.0,"height_percent":0.0,"left_percent":0.0,"top_percent":0.0,"zindex":1,"cells":{"skPageLayoutCell_absWid_7_id-center":{"cellId":"skPageLayoutCell_absWid_7_id-center","widget":{"pageId":"189927353ff-1dda45b5-79c3-4ff6-a0bd-e8ed9b75ab13","widgetId":"8","widgetName":"widget4","widgetType":"${tenant_identifier}_userLogin","currentItemIdx":0,"properties":{"hideDimension":"true","absoluteLayout":"false","layoutWidth":"0","layoutHeight":"0","layoutLeft":"0","layoutTop":"0","zIndex":"0","loginAPI":"/NPNM__equipment_fix_management/1.0.1/login","FlowConnector":"","common.GetConnector":"common.global_connector_APIConnector","common.PostConnector":"common.global_connector_APIConnector","common.PutConnector":"common.global_connector_APIConnector","common.DeleteConnector":"common.global_connector_APIConnector","accessControl":"{}","lockByGroup":"false","hideToolbar":"false","parallaxBackground":"false","parallaxBgUrlMoveRatio":"1","layoutParentLeft":"","layoutParentTop":"","hasAreaSpecificEvents":"false","cacheControl":""},"connectorProperties":{"common.GetConnector":{"connectorParams":{"requestMethod":"get","prefix":"","isShare":""},"connectorType":"v2","connector":"common.global_connector_APIConnector","connectorPeriod":0,"displayName":"common.GetConnector","connectorModel":"ViewModel","model":null,"connectorWidgetId":"8","connectorDataType":"connector","connectorStaticData":null,"connectorStaticDataBackup":{}},"common.PostConnector":{"connectorParams":{"requestMethod":"post","prefix":"","isShare":""},"connectorType":"v2","connector":"common.global_connector_APIConnector","connectorPeriod":0,"displayName":"common.PostConnector","connectorModel":"ViewModel","model":null,"connectorWidgetId":"8","connectorDataType":"connector","connectorStaticData":null,"connectorStaticDataBackup":{}},"common.PutConnector":{"connectorParams":{"requestMethod":"put","prefix":"","isShare":""},"connectorType":"v2","connector":"common.global_connector_APIConnector","connectorPeriod":0,"displayName":"common.PutConnector","connectorModel":"ViewModel","model":null,"connectorWidgetId":"8","connectorDataType":"connector","connectorStaticData":null,"connectorStaticDataBackup":{}},"common.DeleteConnector":{"connectorParams":{"requestMethod":"delete","prefix":"","isShare":""},"connectorType":"v2","connector":"common.global_connector_APIConnector","connectorPeriod":0,"displayName":"common.DeleteConnector","connectorModel":"ViewModel","model":null,"connectorWidgetId":"8","connectorDataType":"connector","connectorStaticData":null,"connectorStaticDataBackup":{}}},"events":{"goHomepage":{"type":"widget4.goHomepage","name":"goHomepage","scope":"1","action":0,"actions":[{"label":"自定义动作","action":"13","overlayItem":{"properties":{},"facets":{},"events":{},"eventsArray":[],"sortOrder":2,"css":{}},"overlayWidget":{"position":{"left":0,"top":0},"dimension":{"width":0,"height":0}},"params":[null,null,null,null,null,null,"false"],"urlParams":{},"timestamp":"0","actionName":"_customAction","lingerEffect":"1","actionScript":"var host = window.location.origin;\nlocation.href=host+\"/app/portal.html#/a/000f0000015234yx8KY4\";"}],"cancelOnUnHover":false,"overlayItem":{"properties":{},"facets":{},"events":{},"eventsArray":[],"sortOrder":2,"css":{}},"overlayWidget":{"position":{"left":0,"top":0},"dimension":{"width":0,"height":0}},"points":[]}},"eventsArray":["goHomepage"],"sortOrder":2,"items":[],"widgetVersion":"v2","libWidget":false,"absWidget":true}}},"anchorGroups":[],"layout":{"layoutId":"1","showLayout":true,"layoutConfig":{"center":{"cellId":"skPageLayoutCell_absWid_7_id-center","size":30,"width":1920,"height":1080,"width_percent":0.0,"height_percent":0.0,"closable":false,"spacing_open":0,"resizable":false}},"layoutPageType":["1","2","3","4"]},"line":{"on":false,"color":"","width":0,"type":"solid","startLeft":0.0,"startTop":0.0,"endLeft":0.0,"endTop":0.0,"style":""},"positioning":{"maxHeight":0.0,"maxHeight_percent":0.0},"autoHeight":false,"autoHeightAdapter":false,"pagePart":"center"}],"properties":{"flexi_page":"true","page_background_html":"","page_background":"false","page_background_image":"true","page_parallax":"false","page_background_color":"","page_background_image_url":"","pageBgHtml":"","page_background_image_repeat_options":"","mainView":{"isMainView":false,"mainViewWidth":0,"isNavigationBar":false,"navigationBarHeight":0},"zoomMove":false},"resources":[],"metaTags":{}}},"anchorGroups":[],"properties":{},"facets":{"cache_control_max_age":"","expires":"","expiresFormatted":"","page_content":"","transition":"","page_title":"login","page_folder":"003f000001523lz9Ludc","page_uri":"login","page_keywords":"","page_description":"","grid_x":"20","grid_y":"20","grid_color":"#EEEEF3","overridable":"true"},"resources":["0","2","1","3"],"pageLevelMacro":{},"layoutType":"3","watermark":{"enable":false,"repeat":true,"content":"","currentUser":false,"width":600,"height":400,"color":"#ccc","size":16,"positionX":"left","positionY":"top","rotate":-10,"opacity":0.5},"pageLocked":false}],"common":{"header":{"1":{"absoluteWidgets":[]},"2":{"absoluteWidgets":[]}},"footer":{"1":{"absoluteWidgets":[]},"2":{"absoluteWidgets":[]}}},"widgetLibrary":[],"commonProperties":{"pageProperties":{},"pageFacets":{"transition":"","page_title":"","page_keywords":"","page_content":"","page_description":"","cache_control_max_age":""},"itemProperties":{},"itemFacets":{},"proxyProperties":{}},"catalogMetaTags":{},"collections":[],"includes":[{"resourceId":"0","displayName":"Vue","fileURL":"global_Vue","fileType":"Library","fileScope":"pageLevel","pluginInfo":{"pluginId":"172c14b111a-b93516d0-2aed-4c45-ae00-39136f3dea50","libraryId":"global_Vue","pluginVersion":"100.8.6"},"forbidInStudio":false},{"resourceId":"1","displayName":"VueI18n","fileURL":"global_VueI18n","fileType":"Library","fileScope":"pageLevel","pluginInfo":{"pluginId":"172c14b111a-27e61407-7cdd-49da-9968-fa82867d3af3","libraryId":"global_VueI18n","pluginVersion":"100.7.8"},"forbidInStudio":false},{"resourceId":"2","displayName":"Element","fileURL":"global_Element","fileType":"Library","fileScope":"pageLevel","pluginInfo":{"pluginId":"172c14b152c-1f10eb60-37f7-451d-961e-f78d960e0b03","libraryId":"global_Element","pluginVersion":"101.0.8"},"forbidInStudio":false},{"resourceId":"3","displayName":"VueRouter","fileURL":"global_VueRouter","fileType":"Library","fileScope":"pageLevel","pluginInfo":{"pluginId":"172c14b2091-0ceb3daf-5e54-46f3-811e-11e53305705d","libraryId":"global_VueRouter","pluginVersion":"1.0.1"},"forbidInStudio":false},{"resourceId":"4","displayName":"VueColor","fileURL":"global_VueColor","fileType":"Library","fileScope":"pageLevel","pluginInfo":{"pluginId":"172c14b111a-f3f1bc8f-dd19-4fc0-9d1e-02211bb20c4b","libraryId":"global_VueColor","pluginVersion":"100.7.6"},"forbidInStudio":false},{"resourceId":"5","displayName":"echarts","fileURL":"global_echarts","fileType":"Library","fileScope":"pageLevel","pluginInfo":{"pluginId":"172c14b197e-9dfb74c6-b428-4efe-a325-1e5815c480fb","libraryId":"global_echarts","pluginVersion":"102.0.1"},"forbidInStudio":false},{"resourceId":"6","displayName":"SmartCampus GISMap","fileURL":"global_SCGISMap","fileType":"Library","fileScope":"pageLevel","pluginInfo":{"pluginId":"172f9bb10e6-bcfecfdf-b95a-4ef7-8088-a5a9feb9f234","libraryId":"global_SCGISMap","pluginVersion":"100.6.6"},"forbidInStudio":false},{"resourceId":"7","displayName":"SmartCampus EchartsGISMap","fileURL":"global_SCEchartsGISMap","fileType":"Library","fileScope":"pageLevel","pluginInfo":{"pluginId":"172f9bb10e6-2a0486ce-d34d-4ad8-a8c0-4b95ec26c5be","libraryId":"global_SCEchartsGISMap","pluginVersion":"100.3.3"},"forbidInStudio":false},{"resourceId":"8","displayName":"GISMap","fileURL":"global_GISMap","fileType":"Library","fileScope":"pageLevel","pluginInfo":{"pluginId":"172c14b1c3c-2c961d97-c3b5-4e27-97f0-b38ed6844aac","libraryId":"global_GISMap","pluginVersion":"101.0.8"},"forbidInStudio":false},{"resourceId":"9","displayName":"EchartsGISMap","fileURL":"global_EchartsGISMap","fileType":"Library","fileScope":"pageLevel","pluginInfo":{"pluginId":"172c14b1c80-f9d69621-642e-4ce5-8b25-bf4bbd628467","libraryId":"global_EchartsGISMap","pluginVersion":"101.0.5"},"forbidInStudio":false}],"pluginIncludes":[{"pluginInfo":{"pluginId":"172c14b4b6d-2983102a-6f43-4ef1-9ec5-7a3a7897be4a","libraryId":"global_RectangleWidget","pluginVersion":"2.0.9"}},{"pluginInfo":{"pluginId":"1896bc401e8-e9474af7-3a04-4108-b776-32cce4a1c152","libraryId":"${tenant_identifier}_userLogin"}},{"pluginInfo":{"pluginId":"172c14b7687-8ba96723-89e7-4ebf-b51b-df1eea1925fc","libraryId":"global_connector_APIConnector","pluginVersion":"100.2.6"}},{"pluginInfo":{"pluginId":"172f9bb1b6f-c1265868-3c0e-4dc2-ac6f-9f13e6f838c1","libraryId":"global_SCMapWidget","pluginVersion":"2.4.3"}},{"pluginInfo":{"pluginId":"18971fd73fc-d06ee6f4-3d56-4bd1-b2ab-a3f341fc534c","libraryId":"${tenant_identifier}_CaseMapControllerWidget"}},{"pluginInfo":{"pluginId":"172c14b7620-2d1f9cd5-9707-437a-898b-9b7700646096","libraryId":"global_connector_FlowConnector","pluginVersion":"100.3.6"}},{"pluginInfo":{"pluginId":"1899056223c-3ee1fead-afb0-4273-944e-113e4025817a","libraryId":"${tenant_identifier}_MapWidget"}}],"resources":[],"assets":[],"snippets":[],"abTestingDuration":0.0,"supportServerInclude":true,"enableRequireForEventAPI":false,"sourceTemplate":{},"templateCampaign":{},"visibleLayouts":[1,2,3,4,5,6,7,8,8,10,11,12,13,14,15,16,17,18,19,20,21,22,23],"customLayouts":[],"lastPageId":"0","parentViews":[],"parentIncludes":[],"resourceConnector":"","resourceConnectorType":"","resourceBucket":"","folders":"[]","ba":false,"isDv":false}